{
  "dns": {
    "hosts": {
      "geosite:category-ads": "127.0.0.1",
      "domain:googleapis.cn": "googleapis.com"
    },
    "servers": [
      "8.8.8.8",
      {
        "address": "8.8.8.8",
        "domains": [
          "geosite:google",
          "geosite:github",
          "geosite:netflix",
          "geosite:steam",
          "geosite:telegram",
          "geosite:tumblr",
          "geosite:speedtest",
          "geosite:bbc",
          "domain:gvt1.com",
          "domain:textnow.com",
          "domain:twitch.tv",
          "domain:wikileaks.org",
          "domain:naver.com"
        ],
        "port": 53
      },
      {
        "address": "114.114.114.114",
        "domains": [
          "domain:m.ting22.com",
          "domain:12306.com",
          "domain:51ym.me",
          "domain:52pojie.cn",
          "domain:8686c.com",
          "domain:abercrombie.com",
          "domain:adobesc.com",
          "domain:air-matters.com",
          "domain:air-matters.io",
          "domain:airtable.com",
          "domain:akadns.net",
          "domain:apache.org",
          "domain:api.crisp.chat",
          "domain:api.termius.com",
          "domain:appshike.com",
          "domain:appstore.com",
          "domain:aweme.snssdk.com",
          "domain:bababian.com",
          "domain:battle.net",
          "domain:beatsbydre.com",
          "domain:bet365.com",
          "domain:bilibili.cn",
          "domain:ccgslb.com",
          "domain:ccgslb.net",
          "domain:chunbo.com",
          "domain:chunboimg.com",
          "domain:clashroyaleapp.com",
          "domain:cloudsigma.com",
          "domain:cloudxns.net",
          "domain:cmfu.com",
          "domain:culturedcode.com",
          "domain:dct-cloud.com",
          "domain:didialift.com",
          "domain:douyutv.com",
          "domain:duokan.com",
          "domain:dytt8.net",
          "domain:easou.com",
          "domain:ecitic.net",
          "domain:eclipse.org",
          "domain:eudic.net",
          "domain:ewqcxz.com",
          "domain:fir.im",
          "domain:frdic.com",
          "domain:fresh-ideas.cc",
          "domain:godic.net",
          "domain:goodread.com",
          "domain:haibian.com",
          "domain:hdslb.net",
          "domain:hollisterco.com",
          "domain:hongxiu.com",
          "domain:hxcdn.net",
          "domain:images.unsplash.com",
          "domain:img4me.com",
          "domain:ipify.org",
          "domain:ixdzs.com",
          "domain:jd.hk",
          "domain:jianshuapi.com",
          "domain:jomodns.com",
          "domain:jsboxbbs.com",
          "domain:knewone.com",
          "domain:kuaidi100.com",
          "domain:lemicp.com",
          "domain:letvcloud.com",
          "domain:lizhi.io",
          "domain:localizecdn.com",
          "domain:lucifr.com",
          "domain:luoo.net",
          "domain:mai.tn",
          "domain:maven.org",
          "domain:miwifi.com",
          "domain:moji.com",
          "domain:moke.com",
          "domain:mtalk.google.com",
          "domain:mxhichina.com",
          "domain:myqcloud.com",
          "domain:myunlu.com",
          "domain:netease.com",
          "domain:nfoservers.com",
          "domain:nssurge.com",
          "domain:nuomi.com",
          "domain:ourdvs.com",
          "domain:overcast.fm",
          "domain:paypal.com",
          "domain:paypalobjects.com",
          "domain:pgyer.com",
          "domain:qdaily.com",
          "domain:qdmm.com",
          "domain:qin.io",
          "domain:qingmang.me",
          "domain:qingmang.mobi",
          "domain:qqurl.com",
          "domain:rarbg.to",
          "domain:rrmj.tv",
          "domain:ruguoapp.com",
          "domain:sm.ms",
          "domain:snwx.com",
          "domain:soku.com",
          "domain:startssl.com",
          "domain:store.steampowered.com",
          "domain:symcd.com",
          "domain:teamviewer.com",
          "domain:tmzvps.com",
          "domain:trello.com",
          "domain:trellocdn.com",
          "domain:ttmeiju.com",
          "domain:udache.com",
          "domain:uxengine.net",
          "domain:weather.bjango.com",
          "domain:weather.com",
          "domain:webqxs.com",
          "domain:weico.cc",
          "domain:wenku8.net",
          "domain:werewolf.53site.com",
          "domain:windowsupdate.com",
          "domain:wkcdn.com",
          "domain:workflowy.com",
          "domain:xdrig.com",
          "domain:xiaojukeji.com",
          "domain:xiaomi.net",
          "domain:xiaomicp.com",
          "domain:ximalaya.com",
          "domain:xitek.com",
          "domain:xmcdn.com",
          "domain:xslb.net",
          "domain:xteko.com",
          "domain:yach.me",
          "domain:yixia.com",
          "domain:yunjiasu-cdn.net",
          "domain:zealer.com",
          "domain:zgslb.net",
          "domain:zimuzu.tv",
          "domain:zmz002.com",
          "domain:samsungdm.com"
        ],
        "port": 53
      },
      {
        "address": "114.114.114.114",
        "domains": [
          "geosite:cn"
        ],
        "port": 53
      }
    ]
  },
  "inbounds": [
    {
      "port": 1080,
      "protocol": "socks",
      "settings": {
        "auth": "noauth",
        "udp": true,
        "userLevel": 8
      },
      "sniffing": {
        "destOverride": [
          "http",
          "tls"
        ],
        "enabled": true
      },
      "tag": "socks"
    },
    {
      "port": 10809,
      "protocol": "http",
      "settings": {
        "userLevel": 8
      },
      "tag": "http"
    },
    {
      "listen": "127.0.0.1",
      "port": 10807,
      "protocol": "dokodemo-door",
      "settings": {
        "address": "8.8.8.8",
        "network": "tcp,udp",
        "port": 53
      },
      "tag": "dns-in"
    }
  ],
  "log": {
    "loglevel": "warning"
  },
  "outbounds": [
    {
      "mux": {
        "enabled": false
      },
      "protocol": "vmess",
      "settings": {
        "vnext": [
          {
            "address": "www.free9999.org",
            "port": 443,
            "users": [
              {
                "alterId": 233,
                "id": "64e14610-c6f7-41b2-896d-fe19e3f14020",
                "level": 8,
                "security": "none"
              }
            ]
          }
        ]
      },
      "streamSettings": {
        "network": "ws",
        "security": "tls",
        "tlssettings": {
          "allowInsecure": true,
          "serverName": "www.free9999.org"
        },
        "wssettings": {
          "connectionReuse": true,
          "headers": {
            "Host": "www.free9999.org"
          },
          "path": "/"
        }
      },
      "tag": "proxy"
    },
    {
      "protocol": "freedom",
      "settings": {},
      "tag": "direct"
    },
    {
      "protocol": "blackhole",
      "settings": {
        "response": {
          "type": "http"
        }
      },
      "tag": "block"
    },
    {
      "protocol": "dns",
      "tag": "dns-out"
    }
  ],
  "policy": {
    "levels": {
      "8": {
        "connIdle": 300,
        "downlinkOnly": 1,
        "handshake": 4,
        "uplinkOnly": 1
      }
    },
    "system": {
      "statsInboundUplink": true,
      "statsInboundDownlink": true
    }
  },
  "routing": {
    "domainStrategy": "IPIfNonMatch",
    "rules": [
      {
        "inboundTag": [
          "dns-in"
        ],
        "outboundTag": "dns-out",
        "type": "field"
      },
      {
        "ip": [
          "8.8.8.8"
        ],
        "outboundTag": "proxy",
        "port": "53",
        "type": "field"
      },
      {
        "ip": [
          "114.114.114.114"
        ],
        "outboundTag": "direct",
        "port": "53",
        "type": "field"
      },
      {
        "domain": [
          "domain:googleapis.cn"
        ],
        "outboundTag": "proxy",
        "type": "field"
      },
      {
        "domain": [
          "geosite:google",
          "geosite:github",
          "geosite:netflix",
          "geosite:steam",
          "geosite:telegram",
          "geosite:tumblr",
          "geosite:speedtest",
          "geosite:bbc",
          "domain:gvt1.com",
          "domain:textnow.com",
          "domain:twitch.tv",
          "domain:wikileaks.org",
          "domain:naver.com"
        ],
        "outboundTag": "proxy",
        "type": "field"
      },
      {
        "ip": [
          "91.108.4.0/22",
          "91.108.8.0/22",
          "91.108.12.0/22",
          "91.108.20.0/22",
          "91.108.36.0/23",
          "91.108.38.0/23",
          "91.108.56.0/22",
          "149.154.160.0/20",
          "149.154.164.0/22",
          "149.154.172.0/22",
          "74.125.0.0/16",
          "173.194.0.0/16",
          "172.217.0.0/16",
          "216.58.200.0/24",
          "216.58.220.0/24"
        ],
        "outboundTag": "proxy",
        "type": "field"
      },
      {
        "domain": [
          "domain:m.ting22.com",
          "domain:12306.com",
          "domain:51ym.me",
          "domain:52pojie.cn",
          "domain:8686c.com",
          "domain:abercrombie.com",
          "domain:adobesc.com",
          "domain:air-matters.com",
          "domain:air-matters.io",
          "domain:airtable.com",
          "domain:akadns.net",
          "domain:apache.org",
          "domain:api.crisp.chat",
          "domain:api.termius.com",
          "domain:appshike.com",
          "domain:appstore.com",
          "domain:aweme.snssdk.com",
          "domain:bababian.com",
          "domain:battle.net",
          "domain:beatsbydre.com",
          "domain:bet365.com",
          "domain:bilibili.cn",
          "domain:ccgslb.com",
          "domain:ccgslb.net",
          "domain:chunbo.com",
          "domain:chunboimg.com",
          "domain:clashroyaleapp.com",
          "domain:cloudsigma.com",
          "domain:cloudxns.net",
          "domain:cmfu.com",
          "domain:culturedcode.com",
          "domain:dct-cloud.com",
          "domain:didialift.com",
          "domain:douyutv.com",
          "domain:duokan.com",
          "domain:dytt8.net",
          "domain:easou.com",
          "domain:ecitic.net",
          "domain:eclipse.org",
          "domain:eudic.net",
          "domain:ewqcxz.com",
          "domain:fir.im",
          "domain:frdic.com",
          "domain:fresh-ideas.cc",
          "domain:godic.net",
          "domain:goodread.com",
          "domain:haibian.com",
          "domain:hdslb.net",
          "domain:hollisterco.com",
          "domain:hongxiu.com",
          "domain:hxcdn.net",
          "domain:images.unsplash.com",
          "domain:img4me.com",
          "domain:ipify.org",
          "domain:ixdzs.com",
          "domain:jd.hk",
          "domain:jianshuapi.com",
          "domain:jomodns.com",
          "domain:jsboxbbs.com",
          "domain:knewone.com",
          "domain:kuaidi100.com",
          "domain:lemicp.com",
          "domain:letvcloud.com",
          "domain:lizhi.io",
          "domain:localizecdn.com",
          "domain:lucifr.com",
          "domain:luoo.net",
          "domain:mai.tn",
          "domain:maven.org",
          "domain:miwifi.com",
          "domain:moji.com",
          "domain:moke.com",
          "domain:mtalk.google.com",
          "domain:mxhichina.com",
          "domain:myqcloud.com",
          "domain:myunlu.com",
          "domain:netease.com",
          "domain:nfoservers.com",
          "domain:nssurge.com",
          "domain:nuomi.com",
          "domain:ourdvs.com",
          "domain:overcast.fm",
          "domain:paypal.com",
          "domain:paypalobjects.com",
          "domain:pgyer.com",
          "domain:qdaily.com",
          "domain:qdmm.com",
          "domain:qin.io",
          "domain:qingmang.me",
          "domain:qingmang.mobi",
          "domain:qqurl.com",
          "domain:rarbg.to",
          "domain:rrmj.tv",
          "domain:ruguoapp.com",
          "domain:sm.ms",
          "domain:snwx.com",
          "domain:soku.com",
          "domain:startssl.com",
          "domain:store.steampowered.com",
          "domain:symcd.com",
          "domain:teamviewer.com",
          "domain:tmzvps.com",
          "domain:trello.com",
          "domain:trellocdn.com",
          "domain:ttmeiju.com",
          "domain:udache.com",
          "domain:uxengine.net",
          "domain:weather.bjango.com",
          "domain:weather.com",
          "domain:webqxs.com",
          "domain:weico.cc",
          "domain:wenku8.net",
          "domain:werewolf.53site.com",
          "domain:windowsupdate.com",
          "domain:wkcdn.com",
          "domain:workflowy.com",
          "domain:xdrig.com",
          "domain:xiaojukeji.com",
          "domain:xiaomi.net",
          "domain:xiaomicp.com",
          "domain:ximalaya.com",
          "domain:xitek.com",
          "domain:xmcdn.com",
          "domain:xslb.net",
          "domain:xteko.com",
          "domain:yach.me",
          "domain:yixia.com",
          "domain:yunjiasu-cdn.net",
          "domain:zealer.com",
          "domain:zgslb.net",
          "domain:zimuzu.tv",
          "domain:zmz002.com",
          "domain:samsungdm.com"
        ],
        "outboundTag": "direct",
        "type": "field"
      },
      {
        "domain": [
          "geosite:category-ads"
        ],
        "outboundTag": "block",
        "type": "field"
      },
      {
        "ip": [
          "geoip:private"
        ],
        "outboundTag": "direct",
        "type": "field"
      },
      {
        "ip": [
          "geoip:cn"
        ],
        "outboundTag": "direct",
        "type": "field"
      },
      {
        "domain": [
          "geosite:cn"
        ],
        "outboundTag": "direct",
        "type": "field"
      }
    ]
  },
  "stats": {}
}